{
  "doClass": "AppDefDO",
  "name": "Splunk",
  "displayName": "ConnectionType.Splunk.DisplayName",
  "description": "ConnectionType.Splunk.description",

  "feedDefs": [
    {
      "doClass": "AppFeedDefDO",
      "extendsType": "GenericWebContentFeed",
      "name": "SplunkBase",
      "displayName": "FeedType.SplunkBase.DisplayName",
      "rule": "Splunk",
      "startUri": "/",
      "appProperties": [
        {
          "doClass": "AppPropertyDefDO",
          "name": "hideHeader",
          "type": "Boolean",
          "required": false,
          "displayName": "FeedType.Splunk.hideHeader.DisplayName",
          "helpText": "FeedType.Splunk.hideHeader.helpText",
          "defaultValue": "false",
          "isParseable": false
        }
      ]
    },
    {
      "doClass": "AppFeedDefDO",
      "extendsType": "SplunkBase",
      "name": "SplunkSearch",
      "displayName": "FeedType.SplunkSearch.DisplayName",
      "rule": "Splunk",
      "startUri": "/en-US/app/search/search?q=search%20{nodeVar.splunkSearchTerm}",
      "appProperties": [
        {
          "doClass": "AppPropertyDefDO",
          "name": "hideHeader",
          "type": "Boolean",
          "required": false,
          "displayName": "FeedType.Splunk.hideHeader.DisplayName",
          "helpText": "FeedType.Splunk.hideHeader.helpText",
          "defaultValue": "false",
          "isParseable": false
        }
      ],
      "nodeVars": [
        {
          "doClass": "AppFeedNodeVarDefDO",
          "name": "splunkSearchTerm",
          "defaultValue": "change_me",
          "constraintName": "Unbounded String"
        }
      ]
    },
    {
      "doClass": "AppFeedDefDO",
      "extendsType": "SplunkBase",
      "name": "SplunkData",
      "displayName": "FeedType.SplunkData.DisplayName",
      "rule": "Splunk",
      "startUri": "/en-US/app/search/datasets",
      "appProperties": [
        {
          "doClass": "AppPropertyDefDO",
          "name": "hideHeader",
          "type": "Boolean",
          "required": false,
          "displayName": "FeedType.Splunk.hideHeader.DisplayName",
          "helpText": "FeedType.Splunk.hideHeader.helpText",
          "defaultValue": "false",
          "isParseable": false
        }
      ]
    }
  ],

  "versionDefs": [
    {
      "doClass": "AppVersionDefDO",
      "version": "6.3",
      "destination": "http://change_me:8000",
      "ssoHandler": "SplunkSso",
      "rules": [
        "Splunk",
        "BaseWeb"
      ],
      "feedTypeNames": [
        "SplunkBase",
        "SplunkSearch",
        "GenericWebContentFeed"
      ],
      "defaultFeedTypeName": "SplunkBase"
    },
    {
      "doClass": "AppVersionDefDO",
      "version": "7.1",
      "destination": "http://change_me:8000",
      "ssoHandler": "SplunkSso",
      "rules": [
        "Splunk",
        "BaseWeb"
      ],
      "feedTypeNames": [
        "SplunkBase",
        "SplunkSearch",
        "SplunkData",
        "GenericWebContentFeed"
      ],
      "defaultFeedTypeName": "SplunkBase"
    }
  ],

  "versionMappings": [
    { "doClass": "AppVersionMappingDO", "version": "6.3" },
    { "doClass": "AppVersionMappingDO", "version": "7.1" }
  ]
}
